id_vaga,id_candidato,proba
11554,46588,0.5190367892958535
11641,44295,0.6485113327524167
11660,44181,0.6554938965085316
11660,45493,0.5911703733350882
11684,16415,0.5911703733350882
11684,11007,0.5911703733350882
11713,40419,0.6823086549102558
11713,23949,0.5588675597988061
11725,44220,0.6344686578351442
11725,44300,0.5924259534635943
11731,296,0.6928502794366076
11732,36510,0.6813389318813655
11734,44202,0.6485113327524167
11734,44210,0.5624262260090522
11738,44212,0.6826562498547879
11754,44304,0.6485113327524167
11758,44619,0.6485113327524167
11758,44349,0.6211588215700091
11762,7775,0.5588675597988061
11766,10214,0.7534421994182464
11766,8445,0.5832460254929858
11778,9208,0.6155316331051354
11778,9211,0.5911703733350882
11779,43137,0.5911703733350882
11779,43138,0.5911703733350882
11781,21762,0.7257636614647354
11781,44410,0.6870775007083769
11782,42556,0.6859960668332202
11782,44357,0.5987736551709585
11786,14674,0.5911703733350882
11786,16275,0.5911703733350882
11800,18624,0.4864854295957249
11803,39927,0.5925970433494209
11804,44528,0.7160445536065363
11804,44874,0.6989868051696412
11808,44552,0.5357297792216927
11812,16247,0.6822531123368558
11813,29759,0.5911703733350882
11815,12470,0.5588675597988061
11815,13577,0.5588675597988061
11817,7836,0.8282945208670103
11817,18656,0.8282945208670103
11821,44542,0.6817454011635982
11823,5072,0.729248065121143
11823,40162,0.5911703733350882
11824,41288,0.5299995301463443
11829,3170,0.68470885635999
11831,19440,0.6196038834531912
11832,43140,0.8276579698909053
11832,13024,0.7845406806423553
11839,46,0.6987200780799793
11842,16667,0.6659924325996425
11842,20548,0.6615041635981735
11853,44643,0.7167503995610401
11853,28495,0.6893676460030462
11859,46234,0.8113622758865325
11859,45114,0.7992112277521557
11860,45118,0.7577204289351273
11860,43400,0.7521626969448854
11861,44595,0.5996061432899832
11864,44696,0.6359853910546606
11864,44701,0.6328257503760113
11867,44747,0.8031819757541984
11867,44730,0.782943887483149
11869,36573,0.5911703733350882
11870,41373,0.6135704974102992
11870,42118,0.5239783694013889
11871,44711,0.482576644101916
11875,38328,0.6812071411527296
11875,44773,0.6093441770210959
11880,44807,0.5885330863866882
11880,44749,0.464150093181061
11882,36189,0.5504772058414347
11882,17684,0.5504772058414347
11883,44797,0.6164707689013709
11883,39392,0.5832460254929858
11885,45113,0.4970676710512811
11886,3178,0.6591404546261894
11886,14126,0.5117237377517876
11887,42346,0.7180408367339025
11887,44119,0.6520274030757708
11888,24366,0.6791172500023686
11888,45060,0.5715812021586368
11889,44817,0.680703061450866
11891,44823,0.6266876343819221
11892,29023,0.6760742858122207
11892,44822,0.6520274030757708
11895,42536,0.6413196392387369
11908,44893,0.7948096629312013
11910,6669,0.5189918682182788
11911,45269,0.7904320579009091
11911,47213,0.7872491016845965
11917,33956,0.5911703733350882
11917,20716,0.5911703733350882
11918,42289,0.5911703733350882
11918,20460,0.5911703733350882
11921,45079,0.7273408999774383
11921,2857,0.5911703733350882
11923,15661,0.8360154349720197
11923,29572,0.8327154916941327
11925,45231,0.7915219037712857
11925,45946,0.7682075421215963
11926,40908,0.5911703733350882
11926,43396,0.5911703733350882
11928,30672,0.7016109690417098
11928,17723,0.5911703733350882
11933,44960,0.6408483705515836
11933,44156,0.5462753110422381
11934,45200,0.5911703733350882
11934,35937,0.5911703733350882
11936,45059,0.8341028076935205
11936,45125,0.8327084313335359
11937,44964,0.7233121503644061
11945,45129,0.6461886793718681
11945,45104,0.6270229501331632
11946,45105,0.6271463201091215
11946,45257,0.6271463201091215
11948,44972,0.6991457506269175
11948,35776,0.5911703733350882
11950,45011,0.6881214551782401
11950,45022,0.6881214551782401
11951,45002,0.5911703733350882
11952,14910,0.5832460254929858
11954,37295,0.8326422743691512
11954,23356,0.5911703733350882
11957,45067,0.6146190609151304
11958,6031,0.6196038834531912
11960,14875,0.6910395807426674
11960,8810,0.6891840480542981
11962,41620,0.6910395807426674
11962,34162,0.6910395807426674
11963,29301,0.6910395807426674
11963,45051,0.6893676460030462
11966,21966,0.5911703733350882
11966,25053,0.5911703733350882
11967,39922,0.6159646499895167
11967,45108,0.5911703733350882
11968,24906,0.7466855857417233
11968,45108,0.5911703733350882
11969,30174,0.5911703733350882
11970,36573,0.5911703733350882
11971,13926,0.5911703733350882
11971,13985,0.5911703733350882
11972,43519,0.8045918030231075
11972,41373,0.5911703733350882
11977,46328,0.8014351731245404
11977,45356,0.7950289297593031
11980,5072,0.6615041635981735
11983,14107,0.4979248239303496
11990,21676,0.8216186190001111
11990,45192,0.5832460254929858
11992,45267,0.8459977866835272
11992,45116,0.7577204289351273
11997,45044,0.8362558697963202
11997,45146,0.8321145683432728
11998,9147,0.6804526666380355
11998,33202,0.6804526666380355
11999,45151,0.5911703733350882
11999,45145,0.5911703733350882
12004,45362,0.6271463201091215
12005,45390,0.6333036253889386
12007,45242,0.5368397140950524
12010,45252,0.7924548130275202
12010,45253,0.7898528580997666
12011,45431,0.5149443216836863
12012,45292,0.7339265661495079
12012,45290,0.6041550756471956
12013,45255,0.8321145683432728
12013,45282,0.8321145683432728
12018,46240,0.6887257588079144
12018,46241,0.6887257588079144
12019,45294,0.6838738418588433
12019,14677,0.6838738418588433
12021,45106,0.6907912089579288
12022,21800,0.7409586975621865
12022,16663,0.5578405695061249
12024,19348,0.827889922431452
12024,987,0.5832460254929858
12034,13926,0.6891633924501132
12041,24330,0.47976681223337003
12046,37295,0.729248065121143
12046,45345,0.5911703733350882
12050,14130,0.6554010526345606
12059,45392,0.5911703733350882
12059,26095,0.5911703733350882
12060,45460,0.6907912089579288
12061,19793,0.47976681223337003
12062,45428,0.8225741710167601
12062,45443,0.8225741710167601
12067,45458,0.5018442329647673
12068,21433,0.5911703733350882
12070,5072,0.6928502794366076
12075,44510,0.6132266051095367
12075,40882,0.5832460254929858
12076,45517,0.7266299206797451
12076,33639,0.7266299206797451
12077,45488,0.7405932328161745
12078,45583,0.796983856129756
12081,45519,0.729248065121143
12081,25546,0.6155316331051354
12084,45529,0.8341028076935205
12084,37295,0.8341028076935205
12085,45512,0.695947171082919
12090,45002,0.8361862317311811
12090,45510,0.7466855857417233
12093,2087,0.6146190609151304
12095,41311,0.8341028076935205
12095,45544,0.7722662420984028
12096,14167,0.5099451116281222
12102,46150,0.5948902676376855
12103,37424,0.6135704974102992
12107,23356,0.5911703733350882
12107,36155,0.5911703733350882
12119,27956,0.4736051665399704
12122,20548,0.6891840480542981
12124,10214,0.5948902676376855
12130,45582,0.6061168167258362
12132,12959,0.5234444757969106
12139,33643,0.6976531759025419
12139,35831,0.6647109605050178
12150,45783,0.7400061486294458
12150,45639,0.6989868051696412
12151,41826,0.7160445536065363
12151,950,0.6322590770184442
12152,46897,0.6391375555992179
12152,46853,0.6364504751362656
12160,14970,0.4979248239303496
12167,27560,0.7924548130275202
12167,14970,0.7898528580997666
12169,41355,0.6726361775502855
12169,45744,0.6520274030757708
12173,45960,0.7277786974650866
12173,10214,0.6907912089579288
12174,13976,0.6196038834531912
12176,45863,0.6479879769314114
12176,45768,0.5809665976912299
12177,21081,0.4594914079620278
12179,45772,0.7758540402548573
12179,45769,0.46800374784259985
12181,950,0.49965379566795143
12184,45777,0.7138577594555384
12190,15401,0.8250386318633854
12190,34165,0.7924548130275202
12191,46109,0.8151019113464798
12191,46140,0.8151019113464798
12199,45639,0.6211588215700091
12213,46126,0.5647465669260581
12217,23519,0.6882003812271729
12218,45893,0.680703061450866
12219,45887,0.7277786974650866
12220,45889,0.7167503995610401
12221,29168,0.6173137922200594
12225,20548,0.8323636840757683
12225,21598,0.5911703733350882
12226,43268,0.5911703733350882
12226,43375,0.5911703733350882
12230,46056,0.5085892145238189
12230,45914,0.48477712020531055
12233,26651,0.6146190609151304
12235,45928,0.6989868051696412
12235,45992,0.6061168167258362
12240,45732,0.6599840010377143
12243,37052,0.6577752015358567
12245,46004,0.5086273088670291
12251,46303,0.6413196392387369
12255,46694,0.6706479288298851
12261,46274,0.7981412687756747
12261,22177,0.579206976576294
12266,46348,0.6812071411527296
12266,46322,0.6775561608459012
12286,46080,0.6173137922200594
12288,46087,0.6413196392387369
12288,22135,0.6196038834531912
12294,46087,0.6909070080657476
12294,35425,0.6907912089579288
12300,7820,0.8361862317311811
12300,21081,0.8342789476055925
12301,46148,0.5504772058414347
12301,46182,0.5504772058414347
12306,46261,0.7162249511383479
12306,36439,0.6946574849489305
12307,46643,0.6061168167258362
12307,46184,0.5518024788152035
12309,33095,0.5504772058414347
12309,17229,0.5504772058414347
12310,46175,0.8164096774941806
12310,24957,0.5832460254929858
12313,45586,0.680703061450866
12314,16747,0.6728858059404659
12319,10709,0.5948902676376855
12320,11776,0.8355283074340205
12321,46212,0.5911703733350882
12321,805,0.5911703733350882
12325,1852,0.5911703733350882
12326,46334,0.6820316138431376
12326,46228,0.596665303565779
12331,46154,0.7466855857417233
12333,10759,0.6173137922200594
12345,46224,0.7489849587996426
12345,18326,0.7489849587996426
12347,46231,0.7967429754020688
12350,46292,0.5911703733350882
12350,46283,0.5533633110177738
12351,46242,0.6196038834531912
12352,37892,0.5504772058414347
12352,9855,0.5504772058414347
12356,15504,0.6413196392387369
12359,46143,0.8323299712124385
12360,45482,0.5911703733350882
12360,45483,0.5911703733350882
12362,46275,0.8199700352097766
12363,46172,0.5911703733350882
12364,29487,0.6333036253889386
12364,46395,0.6331084307990099
12365,46358,0.6813389318813655
12366,46358,0.606187967727183
12367,30579,0.6917289118017852
12367,46354,0.5234444757969106
12368,46084,0.805502578854204
12370,46459,0.7710689766994283
12370,46944,0.766453880087872
12376,46246,0.6146155694869502
12377,11355,0.5234444757969106
12382,43908,0.46800374784259985
12383,46394,0.6413196392387369
12383,46366,0.6173137922200594
12388,17546,0.606187967727183
12388,46080,0.5948902676376855
12389,2420,0.47976681223337003
12391,46432,0.6987200780799793
12391,13827,0.6043477743354814
12396,686,0.6413196392387369
12398,46418,0.6196038834531912
12402,46495,0.7277786974650866
12406,21183,0.6333036253889386
12407,20530,0.5916403804471302
12408,35425,0.6413196392387369
12411,46589,0.7000005205622357
12411,46433,0.6869109675394153
12414,46427,0.7437725663489992
12414,46426,0.6267835280266806
12417,33256,0.7966882467715188
12417,46579,0.47766325957584255
12419,47012,0.579206976576294
12419,46491,0.47766325957584255
12422,36634,0.510777930350748
12423,47696,0.7167503995610401
12423,46474,0.6989868051696412
12424,46474,0.6989868051696412
12424,46589,0.6599840010377143
12427,46433,0.6869109675394153
12427,46796,0.6599840010377143
12428,46485,0.6328257503760113
12430,46590,0.6989868051696412
12436,44996,0.6388828053392329
12436,46613,0.6388828053392329
12437,46509,0.6097901311854097
12437,46510,0.6097901311854097
12438,46696,0.6388828053392329
12438,46516,0.6097901311854097
12441,46611,0.70771425453368
12441,46610,0.70771425453368
12444,41052,0.8342848683759753
12444,41051,0.5840619141642747
12445,46530,0.6093187243879937
12446,45423,0.8493311200168605
12446,45171,0.716971281725802
12448,17279,0.6742317838547489
12449,12450,0.5731026629489109
12449,40852,0.5731026629489109
12450,46542,0.5966627790927892
12451,46324,0.6891840480542981
12460,833,0.6907912089579288
12467,36594,0.579206976576294
12468,46594,0.6286763250722439
12469,46130,0.6881214551782401
12469,46129,0.6881214551782401
12472,34419,0.7128246633377195
12472,12050,0.6727409524788874
12473,46001,0.6912677015056738
12476,21081,0.6173137922200594
12482,46638,0.7277786974650866
12482,13105,0.47976681223337003
12486,18088,0.6784667801280313
12486,13600,0.6784667801280313
12488,29325,0.653817510418778
12489,46662,0.511259112960824
12494,11191,0.68470885635999
12494,46679,0.680703061450866
12505,46855,0.720953534947434
12505,46880,0.720953534947434
12507,47013,0.8342848683759753
12507,47012,0.8342848683759753
12509,47248,0.7233121503644061
12509,46758,0.720953534947434
12510,46577,0.7854180939652055
12511,46175,0.7934948859173117
12512,14018,0.579206976576294
12512,42381,0.579206976576294
12515,47057,0.6520892287710434
12516,46205,0.5826704515768144
12517,46764,0.6361590837093447
12522,46129,0.6881214551782401
12524,46770,0.6361590837093447
12528,26915,0.644934886546373
12528,47163,0.6114070496772591
12529,40575,0.5911703733350882
12529,38330,0.5533633110177738
12532,46334,0.68470885635999
12534,46811,0.583766684342312
12534,46958,0.583766684342312
12535,28820,0.47976681223337003
12536,46835,0.7321352286998962
12536,46832,0.7078616142581622
12538,47350,0.6450320570456652
12538,7358,0.6236523740569735
12540,46508,0.6093187243879937
12541,46378,0.579206976576294
12543,46847,0.6143032872086682
12547,46130,0.7945155261304048
12547,46129,0.7945155261304048
12549,40865,0.7173283517776974
12549,45265,0.7051793529618874
12554,46964,0.5462753110422381
12557,46952,0.7277786974650866
12557,46979,0.7078686126599827
12563,31127,0.8056081879538938
12563,25952,0.7898528580997666
12566,46932,0.583766684342312
12566,46931,0.583766684342312
12574,19702,0.47976681223337003
12574,15400,0.47976681223337003
12575,44830,0.7872491016845965
12576,46276,0.6907912089579288
12576,47008,0.6904795517452792
12580,12887,0.6890792731256962
12580,41516,0.47976681223337003
12586,47020,0.5832460254929858
12586,25094,0.5832460254929858
12587,47088,0.688443210527281
12587,47077,0.6827208465468436
12588,48260,0.5804010135027909
12588,36921,0.5504772058414347
12589,47097,0.746626114582131
12589,25053,0.5504772058414347
12590,43720,0.6599840010377143
12590,6786,0.6196038834531912
12594,39031,0.6196038834531912
12597,18710,0.6707061487934608
12600,47049,0.5948446180705802
12603,47325,0.7138577594555384
12603,47091,0.6972228466648002
12608,46657,0.6719837192897407
12609,17741,0.792964470464677
12611,45891,0.7851526593569119
12613,3,0.7159126333466707
12613,30693,0.7156222642034852
12615,16802,0.651511010362562
12619,195,0.7826665777306614
12619,46456,0.7649167577901903
12622,14844,0.5911703733350882
12622,45289,0.5911703733350882
12625,44438,0.7013519385843733
12627,42690,0.6820316138431376
12627,47137,0.6479879769314114
12631,40439,0.8342789476055925
12632,47190,0.7015912450863627
12632,47364,0.6850542907286103
12633,47185,0.7035454357012056
12634,47192,0.6395220327456863
12642,47209,0.6061168167258362
12652,45741,0.5306804875891565
12653,23968,0.5504772058414347
12653,20227,0.5504772058414347
12656,7358,0.5504772058414347
12656,9208,0.5504772058414347
12657,35359,0.5504772058414347
12657,20227,0.5504772058414347
12664,7717,0.6173137922200594
12671,25893,0.5504772058414347
12671,45110,0.5504772058414347
12677,47550,0.4985927116719269
12688,46807,0.6845512155778198
12694,47313,0.4588574382426259
12695,47509,0.6061168167258362
12697,47318,0.6395220327456863
12697,47316,0.6395220327456863
12700,17142,0.5504772058414347
12700,13985,0.5504772058414347
12702,47459,0.5215268378862841
12703,47370,0.6850542907286103
12704,47402,0.6655979774394194
12705,47403,0.6655979774394194
12706,47373,0.7052940146913561
12707,47375,0.6496987597657987
12708,47405,0.6705689282288714
12709,47514,0.6775469580184402
12709,47490,0.5007788820832078
12711,47381,0.7005924408622378
12712,47399,0.6705689282288714
12713,47377,0.7451479161882423
12714,43082,0.7928724040751912
12714,47927,0.7838581607516161
12718,13772,0.5504772058414347
12718,2419,0.5504772058414347
12719,46391,0.8363844169549789
12720,2419,0.7986510241162343
12720,13772,0.7986510241162343
12721,25806,0.6707061487934608
12725,47489,0.7095530079101667
12725,47434,0.7095530079101667
12726,37929,0.5504772058414347
12726,24836,0.5504772058414347
12731,47442,0.7400061486294458
12735,47458,0.6061168167258362
12736,47396,0.7478725047527046
12736,44738,0.7478725047527046
12741,47367,0.6114070496772591
12751,47419,0.70771425453368
12751,47437,0.48233936776583536
12761,47464,0.48911491629926673
12763,47429,0.48233936776583536
12766,16747,0.6173137922200594
12767,47438,0.7095530079101667
12775,41507,0.5189918682182788
12779,47529,0.7737075307844562
12780,47552,0.7777762106342387
12784,16976,0.5911703733350882
12792,47018,0.5911703733350882
12793,13980,0.5736560768539442
12799,47731,0.7451479161882423
12800,47492,0.6093441770210959
12801,47280,0.7872491016845965
12802,27197,0.7696086449166019
12803,47200,0.6577205781031252
12804,46774,0.7851526593569119
12805,47104,0.7677030225928131
12806,47411,0.6836928033938606
12807,47518,0.5626200700290382
12824,47519,0.6577055466461418
12824,47522,0.6577055466461418
12829,14690,0.6787903410857126
12830,24330,0.6860804428690688
12831,12450,0.6867263742119573
12835,40785,0.7534421994182464
12835,47537,0.6271643238903931
12836,46424,0.6812071411527296
12836,47248,0.5629917080363269
12837,16251,0.6931406485797931
12837,12473,0.6928502794366076
12838,26758,0.6822531123368558
12838,16499,0.6822531123368558
12839,20548,0.6977908090410481
12839,22147,0.6787903410857126
12840,11033,0.6987200780799793
12840,16052,0.6888574796460185
12841,48066,0.7277786974650866
12841,47704,0.7013519385843733
12842,47594,0.7478725047527046
12842,394,0.6907912089579288
12843,22279,0.7277786974650866
12843,41140,0.6907912089579288
12844,18578,0.6396890221410342
12844,21081,0.5149443216836863
12847,33183,0.6891840480542981
12847,987,0.6891840480542981
12854,47554,0.5306804875891565
12854,47553,0.5306804875891565
12858,21598,0.6813389318813655
12864,41031,0.6322422851078097
12865,47597,0.7095530079101667
12867,46209,0.5588675597988061
12868,47654,0.6989868051696412
12869,47714,0.7095530079101667
12869,47707,0.6395220327456863
12872,46880,0.6061168167258362
12875,47615,0.680703061450866
12876,15300,0.47976681223337003
12879,47745,0.665867273813406
12879,47549,0.6388828053392329
12884,47526,0.6261241085505428
12884,5832,0.5189918682182788
12885,47650,0.6114070496772591
12894,6745,0.7898528580997666
12894,47666,0.7705028040487738
12895,47887,0.48233936776583536
12896,47338,0.6261241085505428
12896,45791,0.6246909565743101
12898,3016,0.579206976576294
12899,18699,0.5832460254929858
12899,11033,0.5832460254929858
12908,46434,0.6890792731256962
12909,47700,0.6831907304910371
12911,23549,0.701594085742366
12919,47691,0.5306804875891565
12921,28590,0.4979248239303496
12931,16495,0.5533633110177738
12933,301,0.5832460254929858
12933,45329,0.5832460254929858
12934,35393,0.5832460254929858
12934,38572,0.4654959461173034
12935,43365,0.5832460254929858
12935,34490,0.5832460254929858
12938,46434,0.6827208465468436
12939,48639,0.6061168167258362
12942,47539,0.47766325957584255
12945,42534,0.5911703733350882
12947,23718,0.6677893597384823
12947,12756,0.6677893597384823
12957,43365,0.5911703733350882
12964,47804,0.7233121503644061
12964,47805,0.6599840010377143
12965,9855,0.5911703733350882
12965,12836,0.5911703733350882
12977,48480,0.7167503995610401
12977,47926,0.682200388997843
12979,47854,0.6577055466461418
12979,47136,0.6479879769314114
12981,46434,0.47976681223337003
12984,3047,0.6135704974102992
12986,28615,0.579206976576294
12987,47861,0.7838581607516161
12987,47898,0.7666275727425561
12989,25053,0.5911703733350882
12990,48571,0.7188946390984461
12993,47893,0.47766325957584255
12993,48370,0.47766325957584255
12995,12797,0.6521535327211242
13010,47902,0.6496987597657987
13011,36795,0.6579087575483458
13011,47914,0.46800374784259985
13012,45589,0.7790191669658721
13012,47900,0.6159646499895167
13013,48005,0.7944880395598483
13013,37218,0.5840619141642747
13016,47248,0.5645749464532012
13017,47350,0.7188946390984461
13021,37500,0.5189918682182788
13022,47941,0.6473835884251734
13022,47939,0.6473835884251734
13023,47951,0.6473835884251734
13023,47950,0.6473835884251734
13028,21415,0.47976681223337003
13029,47984,0.585127009054844
13029,45356,0.5832460254929858
13030,47996,0.7448466517420672
13030,47991,0.7400061486294458
13031,48367,0.7277786974650866
13031,48018,0.720953534947434
13032,47985,0.585127009054844
13037,48016,0.5944409864884993
13037,118,0.5832460254929858
13038,47870,0.48233936776583536
13039,47999,0.5306804875891565
13039,48000,0.5306804875891565
13040,48056,0.734422956582659
13040,48180,0.7277786974650866
13046,48141,0.6395220327456863
13047,47213,0.7869278365898909
13047,48154,0.47766325957584255
13051,48027,0.7790191669658721
13051,48026,0.7739010380904219
13052,47972,0.47766325957584255
13061,48041,0.6061168167258362
13081,47350,0.7155000484174636
13104,2507,0.6747444106011264
13104,48074,0.6380285110865392
13111,46418,0.7172321228666542
13111,48220,0.6306123657549866
13119,47780,0.4985927116719269
13130,24687,0.5911703733350882
13137,48121,0.7722662420984028
13137,48225,0.6159646499895167
13138,38757,0.6155316331051354
13138,20134,0.6038343270384526
13141,48319,0.7095530079101667
13141,48320,0.7095530079101667
13142,48119,0.6037686086658696
13151,48110,0.6037686086658696
13151,48108,0.6037686086658696
13152,47027,0.5911703733350882
13153,28269,0.5911703733350882
13153,46221,0.5911703733350882
13154,43369,0.5840619141642747
13156,48142,0.48233936776583536
13160,48151,0.70771425453368
13163,49355,0.6567116692069953
13163,48175,0.6557958260459604
13174,48205,0.7891980765009494
13175,48206,0.6537190028273976
13176,47931,0.47766325957584255
13177,48015,0.47766325957584255
13181,48153,0.6333420799837528
13183,48134,0.6312575814171368
13187,37218,0.5911703733350882
13194,48223,0.5797095484650172
13194,48384,0.5651606092747734
13199,10759,0.47976681223337003
13211,48252,0.7491669555720453
13211,48248,0.7078616142581622
13212,19491,0.5911703733350882
13213,19491,0.6891633924501132
13220,48247,0.6311948710775388
13222,48392,0.6159646499895167
13222,48373,0.46800374784259985
13224,6669,0.46391946149116875
13225,45196,0.6155316331051354
13233,48277,0.6479879769314114
13233,48271,0.6458745389267507
13234,48286,0.680703061450866
13236,11969,0.5911703733350882
13236,19198,0.5911703733350882
13237,48280,0.6371149566528893
13237,48284,0.6371149566528893
13239,27268,0.579206976576294
13239,44122,0.47766325957584255
13245,6669,0.5189918682182788
13249,8810,0.5911703733350882
13249,21528,0.5533633110177738
13254,39198,0.6911853465251235
13256,48231,0.47766325957584255
13259,47974,0.47766325957584255
13262,10938,0.7051793529618874
13264,48327,0.7095530079101667
13264,48331,0.7095530079101667
13265,48294,0.48233936776583536
13266,37796,0.7159126333466707
13266,11521,0.7158078584180688
13267,48307,0.7790191669658721
13267,48306,0.7765555824008629
13270,16251,0.701594085742366
13273,48356,0.6722198507340009
13274,48344,0.6826562498547879
13274,39513,0.5911703733350882
13275,48605,0.7891980765009494
13275,48624,0.7739010380904219
13277,48204,0.7739010380904219
13280,29522,0.688443210527281
13280,37935,0.688443210527281
13292,4820,0.690160974422664
13292,10775,0.690160974422664
13309,48410,0.6061168167258362
13309,25893,0.47976681223337003
13314,3005,0.68470885635999
13318,37935,0.68470885635999
13318,39404,0.6196038834531912
13319,41189,0.6487778871482517
13322,48560,0.6644769643063291
13323,46334,0.7054697221050729
13323,48487,0.6577055466461418
13332,45819,0.47766325957584255
13333,9204,0.6917289118017852
13359,21676,0.6333036253889386
13360,43890,0.6246924840881724
13361,46310,0.6633454819870718
13361,48531,0.6246924840881724
13369,42452,0.5948902676376855
13371,48579,0.7167503995610401
13380,41373,0.6891633924501132
13383,30166,0.6891633924501132
13399,44129,0.6031486234656308
13399,48577,0.4898350317762226
13400,17629,0.6413196392387369
13400,17602,0.6413196392387369
13407,48899,0.7095530079101667
13407,48724,0.6496987597657987
13408,48568,0.6775469580184402
13411,48574,0.6093441770210959
13411,48584,0.5785073581195359
13412,48403,0.5797095484650172
13412,46952,0.5253834118709512
13419,48460,0.6440080112302329
13419,48610,0.5462753110422381
13437,48629,0.5813446381015531
13439,2622,0.6827208465468436
13444,48758,0.6327331908702725
13446,49208,0.7078686126599827
13446,48669,0.6795476429506679
13454,48745,0.6395220327456863
13454,48029,0.6395220327456863
13455,48966,0.48233936776583536
13461,48821,0.7233121503644061
13461,48847,0.7167503995610401
13468,48720,0.7451479161882423
13468,48719,0.7451479161882423
13469,48752,0.6883876240619436
13470,48723,0.6634789260041933
13471,48875,0.5705523400864543
13481,48730,0.6328257503760113
13484,47476,0.5944409864884993
13484,25099,0.5832460254929858
13485,48768,0.7865530605836583
13485,48769,0.7865530605836583
13488,18569,0.6314507012808835
13489,48657,0.7277786974650866
13492,36498,0.5832460254929858
13495,48982,0.7278065565523828
13506,23448,0.653817510418778
13507,27956,0.6541975550005628
13512,25806,0.6323417545132007
13512,426,0.47976681223337003
13525,48870,0.7195621272627285
13525,16862,0.690729920936448
13537,47462,0.6371149566528893
13537,48799,0.6371149566528893
13553,48833,0.6061168167258362
13554,48830,0.7233121503644061
13556,29301,0.6173137922200594
13561,43019,0.47976681223337003
13566,15113,0.6136321095085381
13603,49011,0.7468814062779947
13603,21877,0.4594144792257642
13611,48905,0.70771425453368
13613,49120,0.70771425453368
13619,48948,0.5047801473196476
13621,35603,0.6813389318813655
13624,44,0.6413196392387369
13624,33183,0.6413196392387369
13629,39776,0.6989868051696412
13634,46758,0.6795083378326259
13634,15,0.6322590770184442
13635,1654,0.6196038834531912
13640,35344,0.8278454923721709
13640,13053,0.7534421994182464
13648,48262,0.47766325957584255
13649,48129,0.47766325957584255
13652,48478,0.47766325957584255
13653,43607,0.47766325957584255
13655,49035,0.47766325957584255
13656,19980,0.5474551521937627
13660,48529,0.47766325957584255
13661,15988,0.579206976576294
13662,48200,0.47766325957584255
13663,48994,0.6159646499895167
13664,49074,0.7757449711562525
13664,48989,0.7753766029168119
13666,48516,0.47766325957584255
13670,49147,0.6031486234656308
13670,49090,0.5785073581195359
13674,12384,0.7042962064034013
13680,48560,0.7293865974657171
13680,49042,0.6764034272174476
13685,42388,0.6881214551782401
13687,49050,0.6578771122030568
13691,3259,0.7855720471703689
13691,49590,0.7854180939652055
13692,49054,0.6578771122030568
13700,13353,0.7054697221050729
13700,38801,0.7051793529618874
13720,19978,0.5588675597988061
13723,5933,0.5948902676376855
13724,19491,0.6891633924501132
13724,23455,0.606187967727183
13725,37935,0.5916403804471302
13727,15167,0.5669360182592261
13729,33823,0.5234444757969106
13740,15960,0.6810722942750991
13740,16188,0.5832460254929858
13778,49295,0.6330886348081278
13778,45991,0.6164150078316348
13785,148,0.5916403804471302
13785,15,0.5669360182592261
13796,49207,0.48233936776583536
13796,49206,0.48233936776583536
13797,48806,0.6496987597657987
13801,49125,0.47766325957584255
13802,26890,0.792964470464677
13803,49079,0.7793273470680572
13804,48828,0.7851526593569119
13821,1579,0.8321145683432728
13821,14362,0.7489849587996426
13823,49655,0.624527966194004
13823,45233,0.5101200455193049
13827,18910,0.5669360182592261
13828,40497,0.7898528580997666
13828,37935,0.5832460254929858
13833,21598,0.6891633924501132
13836,48045,0.7705028040487738
13836,16017,0.7534421994182464
13837,19730,0.5832460254929858
13838,49492,0.7491669555720453
13838,49413,0.7078616142581622
13853,49300,0.7451479161882423
13853,49386,0.6826562498547879
13858,49435,0.7758540402548573
13858,49313,0.7739010380904219
13871,49325,0.511259112960824
13874,49464,0.482576644101916
13881,25806,0.6306616578095842
13882,49409,0.5047801473196476
13883,833,0.6413196392387369
13903,49366,0.7167503995610401
13911,13723,0.5952554802530511
13911,15,0.5445846807290312
13912,49489,0.6051740033734938
13912,49619,0.5611222763187366
13923,49411,0.796983856129756
13923,49412,0.796983856129756
13933,49273,0.7765612457857229
13933,49539,0.47766325957584255
13935,49577,0.8031819757541984
13935,49581,0.7865530605836583
13936,49397,0.665867273813406
13938,49541,0.6039594449909949
13942,17322,0.6582358531224346
13942,47924,0.4588574382426259
13949,13616,0.579206976576294
13949,49462,0.47766325957584255
13951,49491,0.5642447661137386
13952,41541,0.5239783694013889
13957,49476,0.482576644101916
13959,44727,0.5645749464532012
13963,12514,0.7981412687756747
13963,49506,0.7758614063935816
13966,17209,0.5948902676376855
13967,49372,0.737193584532865
13975,23448,0.6333036253889386
13977,49525,0.6371149566528893
13996,8827,0.579206976576294
13997,28364,0.49178762585003843
14001,43019,0.5910245762910002
14005,18280,0.6977908090410481
14005,40375,0.5470879849759478
14011,39404,0.5948902676376855
14013,49582,0.7891980765009494
14013,49583,0.7891980765009494
14025,45471,0.653817510418778
14034,24289,0.6728858059404659
14038,41620,0.6812071411527296
14040,2067,0.5948902676376855
14041,11516,0.6891633924501132
14041,16765,0.532057049611829
14043,19491,0.5234444757969106
14047,49688,0.796983856129756
14056,13967,0.530236307660126
14065,12480,0.579206976576294
14065,49809,0.47766325957584255
14067,43475,0.5669360182592261
14078,35823,0.5669360182592261
14085,49786,0.7078616142581622
14085,37155,0.5911703733350882
14086,2421,0.5911703733350882
14093,43548,0.6590274221299862
14093,32311,0.5832460254929858
14094,12979,0.5911703733350882
14094,10145,0.5911703733350882
14095,49855,0.7478725047527046
14095,49772,0.6599840010377143
14096,9949,0.47976681223337003
14099,13105,0.6196038834531912
14102,47023,0.579206976576294
14102,6910,0.579206976576294
14112,49950,0.6114070496772591
14115,46638,0.5592867366957048
14115,49630,0.5190367892958535
14122,47000,0.5673603978464179
14136,49878,0.4588574382426259
14145,20769,0.5911703733350882
14145,4233,0.5911703733350882
14147,2146,0.5911703733350882
14149,23356,0.5911703733350882
14149,38344,0.5911703733350882
14150,43261,0.5911703733350882
14151,23864,0.5911703733350882
14151,45524,0.5911703733350882
14153,4865,0.5911703733350882
14153,15621,0.5911703733350882
14162,49943,0.4898350317762226
14163,49922,0.4898350317762226
14169,19100,0.5234444757969106
14183,24213,0.6906692383823202
14183,43123,0.5669360182592261
